Company_Code,Company_Name,Report_Date,Calendar_Year,Financial_Year,Financial_Quarter,Cash_Balance_Millions
1MC,MORELLA CORPORATION LIMITED,2024-10-31,2024,FY24,Q1,0.575
AAR,ASTRAL RESOURCES NL,2024-01-31,2024,FY24,Q2,1.753
AAR,ASTRAL RESOURCES NL,2024-04-26,2024,FY24,Q3,0.618
AAR,ASTRAL RESOURCES NL,2024-07-30,2024,FY24,Q4,5.773
AAR,ASTRAL RESOURCES NL,2024-10-21,2024,FY24,Q1,24.097
ADD,ADAVALE RESOURCES LIMITED,2024-01-31,2024,FY24,Q2,0.944
ADD,ADAVALE RESOURCES LIMITED,2024-04-26,2024,FY24,Q3,1.331
ADD,ADAVALE RESOURCES LIMITED,2024-07-31,2024,FY24,Q4,0.28
ADD,ADAVALE RESOURCES LIMITED,2024-10-28,2024,FY24,Q1,0.324
ADT,ADRIATIC METALS PLC,2024-01-30,2024,FY24,Q4,44.809
ADT,ADRIATIC METALS PLC,2024-04-29,2024,FY24,Q1,46.726
ADT,ADRIATIC METALS PLC,2024-07-30,2024,FY24,Q2,59.887
ADT,ADRIATIC METALS PLC,2024-10-28,2024,FY24,Q3,23.807
AGC,AUSTRALIAN GOLD AND COPPER LTD,2024-01-31,2024,FY24,Q2,11.573
AGY,ARGOSY MINERALS LIMITED,2024-01-29,2024,FY24,Q4,13.852
AGY,ARGOSY MINERALS LIMITED,2024-04-30,2024,FY24,Q1,9.301
AGY,ARGOSY MINERALS LIMITED,2024-07-26,2024,FY24,Q2,11.301
AGY,ARGOSY MINERALS LIMITED,2024-10-29,2024,FY24,Q3,7.352
AKN,AUKING MINING LIMITED,2024-01-30,2024,FY24,Q4,0.396
AKN,AUKING MINING LIMITED,2024-04-29,2024,FY24,Q1,0.283
AKN,AUKING MINING LIMITED,2024-07-24,2024,FY24,Q2,0.113
AKN,AUKING MINING LIMITED,2024-10-30,2024,FY24,Q3,58.0
AKO,AKORA RESOURCES LIMITED,2024-01-31,2024,FY24,Q4,1.314
AKO,AKORA RESOURCES LIMITED,2024-04-30,2024,FY24,Q1,0.711
AKO,AKORA RESOURCES LIMITED,2024-07-31,2024,FY24,Q2,2.911
AKO,AKORA RESOURCES LIMITED,2024-10-31,2024,FY24,Q3,1.129
ALY,ALCHEMY RESOURCES LIMITED,2024-01-30,2024,FY24,Q2,4.003
ALY,ALCHEMY RESOURCES LIMITED,2024-04-30,2024,FY24,Q3,3.553
ALY,ALCHEMY RESOURCES LIMITED,2024-07-31,2024,FY24,Q4,3.055
ALY,ALCHEMY RESOURCES LIMITED,2024-10-31,2024,FY24,Q1,2.551
AMD,ARROW MINERALS LTD,2024-01-31,2024,FY24,Q4,0.699
AMD,ARROW MINERALS LTD,2024-04-15,2024,FY24,Q1,8.498
AMD,ARROW MINERALS LTD,2024-07-29,2024,FY24,Q2,4.433
APC,AUSTRALIAN POTASH LIMITED,2024-02-06,2024,FY24,Q2,0.546
APC,AUSTRALIAN POTASH LIMITED,2024-04-30,2024,FY24,Q3,0.158
AQC,AUSTRALIAN PACIFIC COAL LIMITED,2024-01-31,2024,FY24,Q2,3.317
AQC,AUSTRALIAN PACIFIC COAL LIMITED,2024-04-30,2024,FY24,Q3,20.481
AQC,AUSTRALIAN PACIFIC COAL LIMITED,2024-07-31,2024,FY24,Q4,17.809
AQC,AUSTRALIAN PACIFIC COAL LIMITED,2024-10-31,2024,FY24,Q1,2.205
AQD,AUSQUEST LIMITED,2024-01-30,2024,FY24,Q2,1.564
AQD,AUSQUEST LIMITED,2024-04-30,2024,FY24,Q3,2.645
AQD,AUSQUEST LIMITED,2024-07-31,2024,FY24,Q4,1.07
AQD,AUSQUEST LIMITED,2024-10-30,2024,FY24,Q1,0.921
AQX,ALICE QUEEN LIMITED,2024-01-31,2024,FY24,Q2,1.561
AQX,ALICE QUEEN LIMITED,2024-04-23,2024,FY24,Q3,0.464
AQX,ALICE QUEEN LIMITED,2024-07-31,2024,FY24,Q4,0.123
AQX,ALICE QUEEN LIMITED,2024-10-31,2024,FY24,Q1,2.915
ARL,ARDEA RESOURCES LIMITED,2024-01-31,2024,FY24,Q2,19.628
ARL,ARDEA RESOURCES LIMITED,2024-04-26,2024,FY24,Q3,17.059
ARL,ARDEA RESOURCES LIMITED,2024-07-30,2024,FY24,Q4,14.85
ARL,ARDEA RESOURCES LIMITED,2024-10-29,2024,FY24,Q1,16.007
AS1,ASARA RESOURCES LIMITED,2024-01-31,2024,FY24,Q2,1.12
AS1,ASARA RESOURCES LIMITED,2024-04-30,2024,FY24,Q3,1.01
AS1,ASARA RESOURCES LIMITED,2024-07-30,2024,FY24,Q4,1.339
AS1,ASARA RESOURCES LIMITED,2024-10-29,2024,FY24,Q1,2.369
AS2,ASKARI METALS LIMITED,2024-10-31,2024,FY24,Q1,0.111
ASN,ANSON RESOURCES LIMITED,2024-01-29,2024,FY24,Q2,22.467
ASN,ANSON RESOURCES LIMITED,2024-04-29,2024,FY24,Q3,17.215
ASN,ANSON RESOURCES LIMITED,2024-07-26,2024,FY24,Q4,8.216
ASN,ANSON RESOURCES LIMITED,2024-10-30,2024,FY24,Q1,7.8
ASQ,AUSTRALIAN SILICA QUARTZ GROUP LTD,2024-01-25,2024,FY24,Q2,2.907
ASQ,AUSTRALIAN SILICA QUARTZ GROUP LTD,2024-01-25,2024,FY24,Q2,2.907
ASQ,AUSTRALIAN SILICA QUARTZ GROUP LTD,2024-04-26,2024,FY24,Q3,2.653
ASQ,AUSTRALIAN SILICA QUARTZ GROUP LTD,2024-07-26,2024,FY24,Q4,2.398
ASQ,AUSTRALIAN SILICA QUARTZ GROUP LTD,2024-10-25,2024,FY24,Q1,1.706
ASR,ASRA MINERALS LIMITED,2024-01-30,2024,FY24,Q4,2.849
ASR,ASRA MINERALS LIMITED,2024-04-30,2024,FY24,Q1,0.936
ASR,ASRA MINERALS LIMITED,2024-07-17,2024,FY24,Q2,1.84
ASR,ASRA MINERALS LIMITED,2024-10-30,2024,FY24,Q3,0.525
AUQ,ALARA RESOURCES LIMITED,2024-01-31,2024,FY24,Q2,6.592
AW1,AMERICAN WEST METALS LIMITED,2024-01-31,2024,FY24,Q2,4.061
AW1,AMERICAN WEST METALS LIMITED,2024-04-30,2024,FY24,Q3,11.819
AW1,AMERICAN WEST METALS LIMITED,2024-07-31,2024,FY24,Q4,5.098
AW1,AMERICAN WEST METALS LIMITED,2024-10-31,2024,FY24,Q1,1.34
AZY,ANTIPA MINERALS LIMITED,2024-01-31,2024,FY24,Q2,6.32
AZY,ANTIPA MINERALS LIMITED,2024-04-30,2024,FY24,Q3,5.961
AZY,ANTIPA MINERALS LIMITED,2024-07-29,2024,FY24,Q4,8.036
BCA,BLACK CANYON LIMITED,2024-01-30,2024,FY24,Q2,1.432
BCA,BLACK CANYON LIMITED,2024-04-23,2024,FY24,Q3,1.231
BCA,BLACK CANYON LIMITED,2024-07-31,2024,FY24,Q4,0.702
BCA,BLACK CANYON LIMITED,2024-10-29,2024,FY24,Q1,0.813
BDG,BLACK DRAGON GOLD CORP.,2024-01-31,2024,FY24,Q4,0.464
BDG,BLACK DRAGON GOLD CORP.,2024-04-30,2024,FY24,Q1,0.649
BDG,BLACK DRAGON GOLD CORP.,2024-07-31,2024,FY24,Q2,1.242
BDG,BLACK DRAGON GOLD CORP.,2024-10-31,2024,FY24,Q3,1.018
BGD,BARTON GOLD HOLDINGS LIMITED,2024-01-24,2024,FY24,Q2,4.617
BGD,BARTON GOLD HOLDINGS LIMITED,2024-04-29,2024,FY24,Q3,3.676
BGD,BARTON GOLD HOLDINGS LIMITED,2024-07-23,2024,FY24,Q4,10.253
BGD,BARTON GOLD HOLDINGS LIMITED,2024-10-29,2024,FY24,Q1,8.828
BGL,BELLEVUE GOLD LIMITED,2024-01-29,2024,FY24,Q2,44.218
BGL,BELLEVUE GOLD LIMITED,2024-04-18,2024,FY24,Q3,21.541
BML,BOAB METALS LIMITED,2024-01-17,2024,FY24,Q2,2.286
BML,BOAB METALS LIMITED,2024-04-30,2024,FY24,Q3,1.423
BRE,BRAZILIAN RARE EARTHS LIMITED,2024-01-29,2024,FY24,Q4,48.844
BRE,BRAZILIAN RARE EARTHS LIMITED,2024-07-22,2024,FY24,Q2,96.825
C7A,CLARA RESOURCES AUSTRALIA LTD,2024-10-30,2024,FY24,Q1,0.241
CAI,CALIDUS RESOURCES LIMITED,2024-01-25,2024,FY24,Q2,9.039
CCZ,CASTILLO COPPER LIMITED,2024-01-30,2024,FY24,Q2,1.747
CCZ,CASTILLO COPPER LIMITED,2024-04-30,2024,FY24,Q3,1.387
CCZ,CASTILLO COPPER LIMITED,2024-07-30,2024,FY24,Q4,1.118
CCZ,CASTILLO COPPER LIMITED,2024-10-29,2024,FY24,Q1,1.041
CEL,CHALLENGER GOLD LIMITED,2024-01-31,2024,FY24,Q4,4.346
CEL,CHALLENGER GOLD LIMITED,2024-04-30,2024,FY24,Q1,6.451
CEL,CHALLENGER GOLD LIMITED,2024-07-31,2024,FY24,Q2,5.751
CEL,CHALLENGER GOLD LIMITED,2024-10-31,2024,FY24,Q3,0.711
CHN,CHALICE MINING LIMITED,2024-01-31,2024,FY24,Q2,111.348
CHN,CHALICE MINING LIMITED,2024-04-30,2024,FY24,Q3,104.277
CHN,CHALICE MINING LIMITED,2024-07-30,2024,FY24,Q4,88.95
CHN,CHALICE MINING LIMITED,2024-10-29,2024,FY24,Q1,83.796
CHR,CHARGER METALS NL,2024-01-25,2024,FY24,Q2,4.097
CHR,CHARGER METALS NL,2024-04-22,2024,FY24,Q3,2.614
CHR,CHARGER METALS NL,2024-07-29,2024,FY24,Q4,3.302
CHR,CHARGER METALS NL,2024-10-29,2024,FY24,Q1,2.976
CLA,CELSIUS RESOURCES LIMITED.,2024-05-01,2024,FY24,Q3,0.769
COD,CODA MINERALS LTD,2024-01-31,2024,FY24,Q2,1.855
COD,CODA MINERALS LTD,2024-04-30,2024,FY24,Q3,3.404
COD,CODA MINERALS LTD,2024-07-30,2024,FY24,Q4,3.427
COD,CODA MINERALS LTD,2024-10-31,2024,FY24,Q1,2.323
COY,COPPERMOLY LIMITED,2024-01-31,2024,FY24,Q2,2.927
COY,COPPERMOLY LIMITED,2024-04-30,2024,FY24,Q3,2.654
COY,COPPERMOLY LIMITED,2024-07-31,2024,FY24,Q4,1.975
COY,COPPERMOLY LIMITED,2024-10-28,2024,FY24,Q1,1.774
CPO,CULPEO MINERALS LIMITED,2024-01-25,2024,FY24,Q2,0.189
CPO,CULPEO MINERALS LIMITED,2024-04-29,2024,FY24,Q3,1.342
CPO,CULPEO MINERALS LIMITED,2024-07-31,2024,FY24,Q4,0.403
CPO,CULPEO MINERALS LIMITED,2024-10-31,2024,FY24,Q1,0.973
CUF,CUFE LTD,2024-01-31,2024,FY24,Q2,7.517
CUF,CUFE LTD,2024-04-30,2024,FY24,Q3,5.508
CUF,CUFE LTD,2024-07-31,2024,FY24,Q4,7.547
CUL,CULLEN RESOURCES LIMITED,2024-10-30,2024,FY24,Q1,0.573
CUS,COPPER SEARCH LIMITED,2024-01-24,2024,FY24,Q2,3.287
CUS,COPPER SEARCH LIMITED,2024-04-15,2024,FY24,Q3,2.647
CUS,COPPER SEARCH LIMITED,2024-07-19,2024,FY24,Q4,3.847
CUS,COPPER SEARCH LIMITED,2024-10-21,2024,FY24,Q1,2.393
CXO,CORE LITHIUM LTD,2024-01-24,2024,FY24,Q2,124.826
CXO,CORE LITHIUM LTD,2024-04-29,2024,FY24,Q3,80.367
CXO,CORE LITHIUM LTD,2024-07-17,2024,FY24,Q4,87.606
CXO,CORE LITHIUM LTD,2024-10-24,2024,FY24,Q1,61.276
DAF,DISCOVERY ALASKA LIMITED,2024-01-30,2024,FY24,Q2,0.628
DAF,DISCOVERY ALASKA LIMITED,2024-04-30,2024,FY24,Q3,0.556
DAF,DISCOVERY ALASKA LIMITED,2024-07-30,2024,FY24,Q4,0.49
DAF,DISCOVERY ALASKA LIMITED,2024-10-31,2024,FY24,Q1,0.403
DCX,DCX,2024-01-31,2024,FY24,Q2,1.011
DCX,DCX,2024-04-30,2024,FY24,Q3,0.719
DEV,DEVEX RESOURCES LIMITED,2024-01-31,2024,FY24,Q2,21.762
DEV,DEVEX RESOURCES LIMITED,2024-04-23,2024,FY24,Q3,19.877
DEV,DEVEX RESOURCES LIMITED,2024-07-25,2024,FY24,Q4,16.773
DEV,DEVEX RESOURCES LIMITED,2024-10-21,2024,FY24,Q1,11.154
DLI,DELTA LITHIUM LIMITED,2024-01-23,2024,FY24,Q2,116.311
DLI,DELTA LITHIUM LIMITED,2024-04-22,2024,FY24,Q3,100.201
DLI,DELTA LITHIUM LIMITED,2024-07-29,2024,FY24,Q4,86.686
DLM,DOMINION MINERALS LIMITED,2024-01-30,2024,FY24,Q4,3.106
DMG,DRAGON MOUNTAIN GOLD LIMITED,2024-01-31,2024,FY24,Q2,0.484
DMG,DRAGON MOUNTAIN GOLD LIMITED,2024-04-30,2024,FY24,Q3,0.368
DMG,DRAGON MOUNTAIN GOLD LIMITED,2024-07-31,2024,FY24,Q4,0.225
DMG,DRAGON MOUNTAIN GOLD LIMITED,2024-10-31,2024,FY24,Q1,0.125
DMM,DMC MINING LIMITED.,2024-01-30,2024,FY24,Q2,1.091
DMM,DMC MINING LIMITED.,2024-04-22,2024,FY24,Q3,0.386
DMM,DMC MINING LIMITED.,2024-07-26,2024,FY24,Q4,79.0
DMM,DMC MINING LIMITED.,2024-10-30,2024,FY24,Q1,49.0
DRE,DREADNOUGHT RESOURCES LTD,2024-01-31,2024,FY24,Q2,2.826
DRE,DREADNOUGHT RESOURCES LTD,2024-04-30,2024,FY24,Q3,3.245
DRE,DREADNOUGHT RESOURCES LTD,2024-07-31,2024,FY24,Q4,1.449
DRE,DREADNOUGHT RESOURCES LTD,2024-10-30,2024,FY24,Q1,1.082
DUN,DUNDAS MINERALS LIMITED,2024-01-30,2024,FY24,Q2,1.27
DUN,DUNDAS MINERALS LIMITED,2024-04-29,2024,FY24,Q3,0.993
DUN,DUNDAS MINERALS LIMITED,2024-07-26,2024,FY24,Q4,1.735
DUN,DUNDAS MINERALS LIMITED,2024-10-31,2024,FY24,Q1,2.22
E79,E79 GOLD MINES LIMITED,2024-01-29,2024,FY24,Q2,2.531
E79,E79 GOLD MINES LIMITED,2024-04-29,2024,FY24,Q3,1.969
E79,E79 GOLD MINES LIMITED,2024-07-30,2024,FY24,Q4,2.088
E79,E79 GOLD MINES LIMITED,2024-10-31,2024,FY24,Q1,1.63
EEL,ENRG ELEMENTS LTD,2024-01-29,2024,FY24,Q2,1.341
EEL,ENRG ELEMENTS LTD,2024-04-18,2024,FY24,Q3,1.423
EEL,ENRG ELEMENTS LTD,2024-07-26,2024,FY24,Q4,1.498
EEL,ENRG ELEMENTS LTD,2024-10-25,2024,FY24,Q1,1.107
EFE,EASTERN RESOURCES LIMITED,2024-10-25,2024,FY24,Q1,3.969
EMC,EVEREST METALS CORPORATION LTD,2024-07-29,2024,FY24,Q4,3.065
EMC,EVEREST METALS CORPORATION LTD,2024-10-28,2024,FY24,Q1,2.669
EMU,EMU NL,2024-10-31,2024,FY24,Q1,0.508
EV1,EVOLUTION ENERGY MINERALS LIMITED,2024-10-31,2024,FY24,Q1,2.946
FAU,FIRST AU LIMITED,2024-01-31,2024,FY24,Q4,0.603
FAU,FIRST AU LIMITED,2024-04-30,2024,FY24,Q1,0.457
FAU,FIRST AU LIMITED,2024-07-30,2024,FY24,Q2,0.22
FAU,FIRST AU LIMITED,2024-10-31,2024,FY24,Q3,0.309
FML,FOCUS MINERALS LTD,2024-01-31,2024,FY24,Q4,1.198
FML,FOCUS MINERALS LTD,2024-04-30,2024,FY24,Q1,2.655
FML,FOCUS MINERALS LTD,2024-07-30,2024,FY24,Q2,6.564
FML,FOCUS MINERALS LTD,2024-10-28,2024,FY24,Q3,10.294
FXG,FELIX GOLD LIMITED,2024-01-31,2024,FY24,Q2,0.234
FXG,FELIX GOLD LIMITED,2024-04-30,2024,FY24,Q3,45.0
FXG,FELIX GOLD LIMITED,2024-07-30,2024,FY24,Q4,1.603
FXG,FELIX GOLD LIMITED,2024-10-31,2024,FY24,Q1,1.61
GDM,GREAT DIVIDE MINING LTD,2024-04-30,2024,FY24,Q3,2.238
GDM,GREAT DIVIDE MINING LTD,2024-07-29,2024,FY24,Q4,0.47
GDM,GREAT DIVIDE MINING LTD,2024-10-31,2024,FY24,Q1,0.125
GEN,GENMIN LIMITED,2024-01-31,2024,FY24,Q4,55.0
GEN,GENMIN LIMITED,2024-04-30,2024,FY24,Q1,6.157
GEN,GENMIN LIMITED,2024-07-31,2024,FY24,Q2,0.648
GEN,GENMIN LIMITED,2024-10-31,2024,FY24,Q3,22.0
GNM,GREAT NORTHERN MINERALS LIMITED,2024-01-31,2024,FY24,Q2,0.276
GPR,GEOPACIFIC RESOURCES LTD,2024-01-25,2024,FY24,Q4,2.145
GPR,GEOPACIFIC RESOURCES LTD,2024-04-30,2024,FY24,Q1,2.554
GPR,GEOPACIFIC RESOURCES LTD,2024-07-31,2024,FY24,Q2,1.911
GPR,GEOPACIFIC RESOURCES LTD,2024-10-30,2024,FY24,Q3,3.032
GTE,GREAT WESTERN EXPLORATION LIMITED.,2024-04-23,2024,FY24,Q3,2.331
GTE,GREAT WESTERN EXPLORATION LIMITED.,2024-07-29,2024,FY24,Q4,1.512
GTE,GREAT WESTERN EXPLORATION LIMITED.,2024-07-30,2024,FY24,Q4,1.512
GTE,GREAT WESTERN EXPLORATION LIMITED.,2024-10-28,2024,FY24,Q1,2.371
GUE,GLOBAL URANIUM AND ENRICHMENT LTD,2024-01-25,2024,FY24,Q2,1.178
GUE,GLOBAL URANIUM AND ENRICHMENT LTD,2024-04-26,2024,FY24,Q3,6.229
GUE,GLOBAL URANIUM AND ENRICHMENT LTD,2024-07-29,2024,FY24,Q4,4.619
GUE,GLOBAL URANIUM AND ENRICHMENT LTD,2024-10-31,2024,FY24,Q1,2.352
HAW,HAWTHORN RESOURCES LIMITED,2024-07-31,2024,FY24,Q4,13.114
IBG,IRONBARK ZINC LTD,2024-01-30,2024,FY24,Q2,1.028
IBG,IRONBARK ZINC LTD,2024-07-29,2024,FY24,Q4,0.817
IBG,IRONBARK ZINC LTD,2024-10-31,2024,FY24,Q1,0.412
ICG,INCA MINERALS LIMITED,2024-10-16,2024,FY24,Q1,0.58
INF,INFINITY LITHIUM CORPORATION LIMITED,2024-01-31,2024,FY24,Q2,9.617
INF,INFINITY LITHIUM CORPORATION LIMITED,2024-04-29,2024,FY24,Q3,14.258
INF,INFINITY LITHIUM CORPORATION LIMITED,2024-07-29,2024,FY24,Q4,13.118
INF,INFINITY LITHIUM CORPORATION LIMITED,2024-10-31,2024,FY24,Q1,6.752
IPT,IMPACT MINERALS LIMITED,2024-01-30,2024,FY24,Q2,2.098
IPT,IMPACT MINERALS LIMITED,2024-04-30,2024,FY24,Q3,0.856
IPT,IMPACT MINERALS LIMITED,2024-07-24,2024,FY24,Q4,3.435
IPT,IMPACT MINERALS LIMITED,2024-10-30,2024,FY24,Q1,1.977
IRD,IRON ROAD LIMITED,2024-01-30,2024,FY24,Q2,0.538
IRD,IRON ROAD LIMITED,2024-04-30,2024,FY24,Q3,0.351
IRD,IRON ROAD LIMITED,2024-07-24,2024,FY24,Q4,0.235
IRD,IRON ROAD LIMITED,2024-10-30,2024,FY24,Q1,2.943
ITM,ITECH MINERALS LTD,2024-01-24,2024,FY24,Q2,3.866
ITM,ITECH MINERALS LTD,2024-04-16,2024,FY24,Q3,2.716
ITM,ITECH MINERALS LTD,2024-07-22,2024,FY24,Q4,1.726
ITM,ITECH MINERALS LTD,2024-10-28,2024,FY24,Q1,3.993
JLL,JINDALEE LITHIUM LIMITED,2024-01-30,2024,FY24,Q2,3.295
JLL,JINDALEE LITHIUM LIMITED,2024-04-30,2024,FY24,Q3,1.542
JLL,JINDALEE LITHIUM LIMITED,2024-07-31,2024,FY24,Q4,0.298
JLL,JINDALEE LITHIUM LIMITED,2024-10-31,2024,FY24,Q1,3.377
JRV,JERVOIS GLOBAL LIMITED,2024-01-30,2024,FY24,Q4,45.368
JRV,JERVOIS GLOBAL LIMITED,2024-04-30,2024,FY24,Q1,26.623
JRV,JERVOIS GLOBAL LIMITED,2024-07-31,2024,FY24,Q2,21.349
JRV,JERVOIS GLOBAL LIMITED,2024-10-31,2024,FY24,Q3,15.351
KGL,KGL RESOURCES LIMITED,2024-01-30,2024,FY24,Q2,13.51
KGL,KGL RESOURCES LIMITED,2024-04-30,2024,FY24,Q3,10.879
KGL,KGL RESOURCES LIMITED,2024-07-31,2024,FY24,Q4,6.479
KGL,KGL RESOURCES LIMITED,2024-10-30,2024,FY24,Q1,9.993
KIN,KIN,2024-01-22,2024,FY24,Q2,2.805
KIN,KIN,2024-04-30,2024,FY24,Q3,47.137
KIN,KIN,2024-07-30,2024,FY24,Q4,66.806
KP2,KORE POTASH PLC,2024-01-18,2024,FY24,Q4,1.584
KP2,KORE POTASH PLC,2024-04-29,2024,FY24,Q1,1.401
KP2,KORE POTASH PLC,2024-07-31,2024,FY24,Q2,0.96
KP2,KORE POTASH PLC,2024-10-31,2024,FY24,Q3,1.278
KZR,KALAMAZOO RESOURCES LIMITED,2024-01-30,2024,FY24,Q2,1.146
KZR,KALAMAZOO RESOURCES LIMITED,2024-04-26,2024,FY24,Q3,3.02
KZR,KALAMAZOO RESOURCES LIMITED,2024-07-26,2024,FY24,Q4,1.384
KZR,KALAMAZOO RESOURCES LIMITED,2024-10-29,2024,FY24,Q1,0.65
LAT,LATITUDE 66 LIMITED,2024-07-31,2024,FY24,Q4,5.609
LAT,LATITUDE 66 LIMITED,2024-10-31,2024,FY24,Q1,3.307
LEG,LEGEND MINING LIMITED,2024-01-29,2024,FY24,Q4,11.626
LEG,LEGEND MINING LIMITED,2024-04-11,2024,FY24,Q1,13.651
LEG,LEGEND MINING LIMITED,2024-07-26,2024,FY24,Q2,13.168
LEG,LEGEND MINING LIMITED,2024-10-22,2024,FY24,Q3,12.043
LEX,LEFROY EXPLORATION LIMITED,2024-01-29,2024,FY24,Q2,4.203
LEX,LEFROY EXPLORATION LIMITED,2024-04-24,2024,FY24,Q3,2.528
LEX,LEFROY EXPLORATION LIMITED,2024-07-31,2024,FY24,Q4,1.348
LEX,LEFROY EXPLORATION LIMITED,2024-10-31,2024,FY24,Q1,0.85
LTR,LIONTOWN RESOURCES LIMITED,2024-01-31,2024,FY24,Q2,516.931
LTR,LIONTOWN RESOURCES LIMITED,2024-04-29,2024,FY24,Q3,358.136
LTR,LIONTOWN RESOURCES LIMITED,2024-07-29,2024,FY24,Q4,122.949
LTR,LIONTOWN RESOURCES LIMITED,2024-10-30,2024,FY24,Q1,263.064
M2M,MT MALCOLM MINES NL,2024-01-31,2024,FY24,Q2,0.378
M2M,MT MALCOLM MINES NL,2024-04-30,2024,FY24,Q3,0.346
M2M,MT MALCOLM MINES NL,2024-07-29,2024,FY24,Q4,0.65
M2M,MT MALCOLM MINES NL,2024-10-30,2024,FY24,Q1,0.172
M2R,MIRAMAR RESOURCES LIMITED,2024-04-26,2024,FY24,Q3,0.157
M2R,MIRAMAR RESOURCES LIMITED,2024-07-26,2024,FY24,Q4,0.394
M2R,MIRAMAR RESOURCES LIMITED,2024-10-31,2024,FY24,Q1,0.879
MAG,MAGMATIC RESOURCES LIMITED,2024-01-31,2024,FY24,Q2,0.842
MAG,MAGMATIC RESOURCES LIMITED,2024-04-24,2024,FY24,Q3,4.027
MAG,MAGMATIC RESOURCES LIMITED,2024-07-26,2024,FY24,Q4,6.335
MAG,MAGMATIC RESOURCES LIMITED,2024-07-26,2024,FY24,Q4,6.335
MEK,MEEKA METALS LIMITED,2024-01-31,2024,FY24,Q2,4.678
MEK,MEEKA METALS LIMITED,2024-04-24,2024,FY24,Q3,3.819
MEK,MEEKA METALS LIMITED,2024-07-23,2024,FY24,Q4,2.95
MEK,MEEKA METALS LIMITED,2024-10-29,2024,FY24,Q1,5.853
MGA,METALSGROVE MINING LTD,2024-01-25,2024,FY24,Q2,1.399
MGA,METALSGROVE MINING LTD,2024-04-30,2024,FY24,Q3,1.138
MGA,METALSGROVE MINING LTD,2024-10-24,2024,FY24,Q1,2.261
MGT,MAGNETITE MINES LIMITED.,2024-07-30,2024,FY24,Q4,1.213
MGU,MAGNUM MINING AND EXPLORATION LIMITED,2024-01-23,2024,FY24,Q4,2.636
MGU,MAGNUM MINING AND EXPLORATION LIMITED,2024-04-18,2024,FY24,Q1,1.764
MGU,MAGNUM MINING AND EXPLORATION LIMITED,2024-07-22,2024,FY24,Q2,1.003
MGU,MAGNUM MINING AND EXPLORATION LIMITED,2024-10-22,2024,FY24,Q3,0.408
MHC,MANHATTAN CORPORATION LIMITED,2024-01-30,2024,FY24,Q2,2.66
MHC,MANHATTAN CORPORATION LIMITED,2024-04-29,2024,FY24,Q3,2.222
MHC,MANHATTAN CORPORATION LIMITED,2024-07-29,2024,FY24,Q4,1.939
MKG,MAKO GOLD LIMITED,2024-01-31,2024,FY24,Q2,0.792
MKG,MAKO GOLD LIMITED,2024-04-30,2024,FY24,Q3,2.756
MKG,MAKO GOLD LIMITED,2024-07-26,2024,FY24,Q4,1.853
MKG,MAKO GOLD LIMITED,2024-10-29,2024,FY24,Q1,0.894
MLS,METALS AUSTRALIA LTD,2024-01-31,2024,FY24,Q2,14.97
MRQ,MRG METALS LIMITED,2024-01-29,2024,FY24,Q2,0.92
MRQ,MRG METALS LIMITED,2024-04-30,2024,FY24,Q3,0.627
MRQ,MRG METALS LIMITED,2024-07-30,2024,FY24,Q4,0.36
MRQ,MRG METALS LIMITED,2024-10-21,2024,FY24,Q1,0.906
MTB,MOUNT BURGESS MINING NL,2024-01-31,2024,FY24,Q2,0.186
MVL,MARVEL GOLD LIMITED,2024-01-31,2024,FY24,Q4,1.337
MVL,MARVEL GOLD LIMITED,2024-04-30,2024,FY24,Q1,1.165
MVL,MARVEL GOLD LIMITED,2024-07-23,2024,FY24,Q2,0.904
MVL,MARVEL GOLD LIMITED,2024-10-25,2024,FY24,Q1,0.654
NCR,NUCOAL RESOURCES LIMITED,2024-01-31,2024,FY24,Q2,2.681
NCR,NUCOAL RESOURCES LIMITED,2024-04-30,2024,FY24,Q3,2.651
NCR,NUCOAL RESOURCES LIMITED,2024-07-31,2024,FY24,Q4,2.463
NES,NELSON RESOURCES LIMITED.,2024-01-31,2024,FY24,Q2,0.278
NES,NELSON RESOURCES LIMITED.,2024-04-30,2024,FY24,Q3,0.18
NES,NELSON RESOURCES LIMITED.,2024-07-31,2024,FY24,Q4,0.101
NES,NELSON RESOURCES LIMITED.,2024-10-22,2024,FY24,Q1,43.0
NIM,NIMY RESOURCES LIMITED,2024-01-31,2024,FY24,Q2,1.062
NIM,NIMY RESOURCES LIMITED,2024-04-30,2024,FY24,Q3,1.568
NIM,NIMY RESOURCES LIMITED,2024-07-31,2024,FY24,Q4,0.524
NIS,NICKELSEARCH LIMITED,2024-01-22,2024,FY24,Q2,3.51
NIS,NICKELSEARCH LIMITED,2024-04-19,2024,FY24,Q3,2.445
NIS,NICKELSEARCH LIMITED,2024-07-26,2024,FY24,Q4,1.684
NIS,NICKELSEARCH LIMITED,2024-10-31,2024,FY24,Q1,1.709
NME,NEX METALS EXPLORATION LIMITED,2024-01-30,2024,FY24,Q2,28.0
NME,NEX METALS EXPLORATION LIMITED,2024-04-29,2024,FY24,Q3,14.0
NME,NEX METALS EXPLORATION LIMITED,2024-10-31,2024,FY24,Q1,0.836
NML,NAVARRE MINERALS LIMITED,2024-07-10,2024,FY24,Q4,0.497
NML,NAVARRE MINERALS LIMITED,2024-07-10,2024,FY24,Q2,85.0
NML,NAVARRE MINERALS LIMITED,2024-07-10,2024,FY24,Q1,0.119
NML,NAVARRE MINERALS LIMITED,2024-07-10,2024,FY24,Q3,92.0
NML,NAVARRE MINERALS LIMITED,2024-07-10,2024,FY24,Q4,90.0
NML,NAVARRE MINERALS LIMITED,2024-10-17,2024,FY24,Q1,0.129
NMR,NATIVE MINERAL RESOURCES HOLDINGS LIMITED,2024-04-29,2024,FY24,Q3,0.385
NMR,NATIVE MINERAL RESOURCES HOLDINGS LIMITED,2024-07-29,2024,FY24,Q4,10.0
NMR,NATIVE MINERAL RESOURCES HOLDINGS LIMITED,2024-10-31,2024,FY24,Q1,0.343
NMT,NEOMETALS LTD,2024-01-25,2024,FY24,Q2,19.561
NMT,NEOMETALS LTD,2024-04-24,2024,FY24,Q3,14.045
NMT,NEOMETALS LTD,2024-07-30,2024,FY24,Q4,9.783
NPM,NEWPEAK METALS LIMITED,2024-04-29,2024,FY24,Q3,83.0
NPM,NEWPEAK METALS LIMITED,2024-07-30,2024,FY24,Q4,33.0
NPM,NEWPEAK METALS LIMITED,2024-10-30,2024,FY24,Q1,0.373
NWF,NEWFIELD RESOURCES LIMITED,2024-01-29,2024,FY24,Q2,47.0
NWF,NEWFIELD RESOURCES LIMITED,2024-04-30,2024,FY24,Q3,37.0
NWF,NEWFIELD RESOURCES LIMITED,2024-07-31,2024,FY24,Q4,13.0
OAU,ORA GOLD LIMITED,2024-01-24,2024,FY24,Q1,4.296
OAU,ORA GOLD LIMITED,2024-04-19,2024,FY24,Q2,2.84
OAU,ORA GOLD LIMITED,2024-07-31,2024,FY24,Q3,7.012
OAU,ORA GOLD LIMITED,2024-10-28,2024,FY24,Q4,3.393
OBM,ORA BANDA MINING LTD,2024-01-18,2024,FY24,Q2,19.24
OBM,ORA BANDA MINING LTD,2024-04-23,2024,FY24,Q3,31.466
OBM,ORA BANDA MINING LTD,2024-07-23,2024,FY24,Q4,26.804
OKJ,OAKAJEE CORPORATION LIMITED,2024-01-30,2024,FY24,Q2,0.903
OKJ,OAKAJEE CORPORATION LIMITED,2024-04-30,2024,FY24,Q3,0.807
OKJ,OAKAJEE CORPORATION LIMITED,2024-07-31,2024,FY24,Q4,0.683
OKJ,OAKAJEE CORPORATION LIMITED,2024-10-31,2024,FY24,Q1,0.579
ORN,ORION MINERALS LTD,2024-01-31,2024,FY24,Q2,10.96
ORN,ORION MINERALS LTD,2024-04-23,2024,FY24,Q3,9.156
ORN,ORION MINERALS LTD,2024-07-22,2024,FY24,Q4,8.27
ORN,ORION MINERALS LTD,2024-10-29,2024,FY24,Q1,13.149
ORP,ORPHEUS URANIUM LIMITED,2024-04-30,2024,FY24,Q3,4.76
ORP,ORPHEUS URANIUM LIMITED,2024-07-31,2024,FY24,Q4,3.692
ORP,ORPHEUS URANIUM LIMITED,2024-10-30,2024,FY24,Q1,2.791
PHO,PHOSCO LTD,2024-01-30,2024,FY24,Q2,0.399
PHO,PHOSCO LTD,2024-04-29,2024,FY24,Q3,0.875
PHO,PHOSCO LTD,2024-07-23,2024,FY24,Q4,0.543
PHO,PHOSCO LTD,2024-10-24,2024,FY24,Q1,0.201
PIM,PINNACLE MINERALS LIMITED,2024-01-23,2024,FY24,Q2,2.3
PIM,PINNACLE MINERALS LIMITED,2024-04-04,2024,FY24,Q3,1.864
PIM,PINNACLE MINERALS LIMITED,2024-07-17,2024,FY24,Q4,1.527
PIM,PINNACLE MINERALS LIMITED,2024-10-29,2024,FY24,Q1,0.987
PL3,PATAGONIA LITHIUM LTD,2024-01-25,2024,FY24,Q4,2.65
PL3,PATAGONIA LITHIUM LTD,2024-04-24,2024,FY24,Q1,2.131
PL3,PATAGONIA LITHIUM LTD,2024-07-25,2024,FY24,Q2,0.29
PL3,PATAGONIA LITHIUM LTD,2024-10-25,2024,FY24,Q3,0.106
PNN,POWER MINERALS LIMITED,2024-04-30,2024,FY24,Q3,0.43
PNN,POWER MINERALS LIMITED,2024-07-31,2024,FY24,Q4,0.449
PRX,PRODIGY GOLD NL,2024-01-30,2024,FY24,Q2,2.779
PRX,PRODIGY GOLD NL,2024-04-30,2024,FY24,Q3,2.632
PRX,PRODIGY GOLD NL,2024-07-31,2024,FY24,Q4,2.34
PRX,PRODIGY GOLD NL,2024-10-28,2024,FY24,Q1,1.656
PSC,PROSPECT RESOURCES LIMITED,2024-01-29,2024,FY24,Q2,21.165
PSC,PROSPECT RESOURCES LIMITED,2024-04-30,2024,FY24,Q3,19.223
PSC,PROSPECT RESOURCES LIMITED,2024-07-25,2024,FY24,Q4,8.337
PSC,PROSPECT RESOURCES LIMITED,2024-10-21,2024,FY24,Q1,12.76
PUR,PURSUIT MINERALS LTD,2024-01-30,2024,FY24,Q2,2.703
PUR,PURSUIT MINERALS LTD,2024-07-30,2024,FY24,Q4,2.024
RAG,RAGNAR METALS LIMITED,2024-01-30,2024,FY24,Q2,10.366
RAG,RAGNAR METALS LIMITED,2024-04-29,2024,FY24,Q3,9.825
RAG,RAGNAR METALS LIMITED,2024-07-31,2024,FY24,Q4,9.343
RAG,RAGNAR METALS LIMITED,2024-10-30,2024,FY24,Q1,3.637
RDS,REDSTONE RESOURCES LIMITED,2024-01-31,2024,FY24,Q2,0.614
RDS,REDSTONE RESOURCES LIMITED,2024-04-30,2024,FY24,Q3,0.495
RDS,REDSTONE RESOURCES LIMITED,2024-07-31,2024,FY24,Q4,0.42
RHK,RED HAWK MINING LIMITED,2024-01-24,2024,FY24,Q2,4.108
RHK,RED HAWK MINING LIMITED,2024-04-24,2024,FY24,Q3,9.261
RHK,RED HAWK MINING LIMITED,2024-07-24,2024,FY24,Q4,6.807
RHK,RED HAWK MINING LIMITED,2024-10-31,2024,FY24,Q1,3.595
RIM,RIMFIRE PACIFIC MINING LIMITED,2024-01-29,2024,FY24,Q2,1.204
RIM,RIMFIRE PACIFIC MINING LIMITED,2024-04-30,2024,FY24,Q3,0.69
RIM,RIMFIRE PACIFIC MINING LIMITED,2024-07-24,2024,FY24,Q4,0.188
RIM,RIMFIRE PACIFIC MINING LIMITED,2024-10-25,2024,FY24,Q1,0.749
RMI,RESOURCE MINING CORPORATION LIMITED,2024-01-31,2024,FY24,Q2,0.664
RMI,RESOURCE MINING CORPORATION LIMITED,2024-04-30,2024,FY24,Q3,0.195
RML,RESOLUTION MINERALS LTD,2024-01-19,2024,FY24,Q2,0.389
RML,RESOLUTION MINERALS LTD,2024-04-04,2024,FY24,Q3,0.335
RML,RESOLUTION MINERALS LTD,2024-07-23,2024,FY24,Q4,0.239
RML,RESOLUTION MINERALS LTD,2024-10-31,2024,FY24,Q1,80.0
RND,RAND MINING LIMITED,2024-01-31,2024,FY24,Q2,1.851
RND,RAND MINING LIMITED,2024-04-26,2024,FY24,Q3,3.119
RND,RAND MINING LIMITED,2024-10-28,2024,FY24,Q1,3.999
SER,STRATEGIC ENERGY RESOURCES LIMITED,2024-01-29,2024,FY24,Q2,1.337
SER,STRATEGIC ENERGY RESOURCES LIMITED,2024-04-29,2024,FY24,Q3,1.423
SER,STRATEGIC ENERGY RESOURCES LIMITED,2024-07-22,2024,FY24,Q4,2.508
SER,STRATEGIC ENERGY RESOURCES LIMITED,2024-10-14,2024,FY24,Q1,2.26
SFM,SANTA FE MINERALS LTD,2024-01-30,2024,FY24,Q2,2.036
SFM,SANTA FE MINERALS LTD,2024-04-30,2024,FY24,Q3,1.89
SFM,SANTA FE MINERALS LTD,2024-07-30,2024,FY24,Q4,1.783
SFM,SANTA FE MINERALS LTD,2024-10-31,2024,FY24,Q1,1.516
SGQ,ST GEORGE MINING LIMITED,2024-01-31,2024,FY24,Q2,5.5
SGQ,ST GEORGE MINING LIMITED,2024-04-30,2024,FY24,Q3,3.917
SGQ,ST GEORGE MINING LIMITED,2024-07-31,2024,FY24,Q4,2.531
SGQ,ST GEORGE MINING LIMITED,2024-10-31,2024,FY24,Q1,3.167
SKY,SKY METALS LIMITED,2024-01-30,2024,FY24,Q2,1.121
SKY,SKY METALS LIMITED,2024-04-30,2024,FY24,Q3,3.907
SKY,SKY METALS LIMITED,2024-07-31,2024,FY24,Q4,3.256
SKY,SKY METALS LIMITED,2024-10-29,2024,FY24,Q1,1.658
SMI,SANTANA MINERALS LIMITED,2024-01-25,2024,FY24,Q2,10.614
SMI,SANTANA MINERALS LIMITED,2024-04-30,2024,FY24,Q3,7.057
SMI,SANTANA MINERALS LIMITED,2024-07-24,2024,FY24,Q4,33.079
SPQ,SUPERIOR RESOURCES LIMITED,2024-01-31,2024,FY24,Q2,2.079
SPQ,SUPERIOR RESOURCES LIMITED,2024-04-30,2024,FY24,Q3,1.414
SPQ,SUPERIOR RESOURCES LIMITED,2024-07-31,2024,FY24,Q4,0.948
SPQ,SUPERIOR RESOURCES LIMITED,2024-10-30,2024,FY24,Q1,1.129
SRZ,STELLAR RESOURCES LIMITED,2024-01-30,2024,FY24,Q2,1.396
SRZ,STELLAR RESOURCES LIMITED,2024-04-22,2024,FY24,Q3,3.187
SRZ,STELLAR RESOURCES LIMITED,2024-07-22,2024,FY24,Q4,10.415
SRZ,STELLAR RESOURCES LIMITED,2024-10-21,2024,FY24,Q1,3.815
STN,SATURN METALS LIMITED,2024-01-31,2024,FY24,Q2,7.752
STN,SATURN METALS LIMITED,2024-04-30,2024,FY24,Q3,6.021
STN,SATURN METALS LIMITED,2024-07-31,2024,FY24,Q4,4.112
STN,SATURN METALS LIMITED,2024-10-29,2024,FY24,Q1,14.017
SVG,SAVANNAH GOLDFIELDS LIMITED,2024-01-31,2024,FY24,Q2,0.112
SVG,SAVANNAH GOLDFIELDS LIMITED,2024-05-01,2024,FY24,Q3,0.153
SVG,SAVANNAH GOLDFIELDS LIMITED,2024-07-31,2024,FY24,Q4,0.153
SVY,STAVELY MINERALS LIMITED,2024-01-25,2024,FY24,Q2,1.379
SVY,STAVELY MINERALS LIMITED,2024-04-29,2024,FY24,Q3,0.962
SVY,STAVELY MINERALS LIMITED,2024-07-18,2024,FY24,Q4,3.726
SVY,STAVELY MINERALS LIMITED,2024-10-30,2024,FY24,Q1,2.896
SYR,SYRAH RESOURCES LIMITED,2024-01-31,2024,FY24,Q4,84.889
SYR,SYRAH RESOURCES LIMITED,2024-04-30,2024,FY24,Q1,99.108
SYR,SYRAH RESOURCES LIMITED,2024-07-25,2024,FY24,Q2,81.608
SYR,SYRAH RESOURCES LIMITED,2024-10-30,2024,FY24,Q3,61.102
TBR,TRIBUNE RESOURCES LIMITED,2024-01-31,2024,FY24,Q2,7.993
TBR,TRIBUNE RESOURCES LIMITED,2024-04-26,2024,FY24,Q2,8.77
TBR,TRIBUNE RESOURCES LIMITED,2024-07-31,2024,FY24,Q4,8.915
TBR,TRIBUNE RESOURCES LIMITED,2024-10-28,2024,FY24,Q1,12.031
TGM,THETA GOLD MINES LIMITED,2024-01-31,2024,FY24,Q2,0.634
TGM,THETA GOLD MINES LIMITED,2024-04-30,2024,FY24,Q3,93.0
TGM,THETA GOLD MINES LIMITED,2024-07-31,2024,FY24,Q4,2.545
TGM,THETA GOLD MINES LIMITED,2024-10-31,2024,FY24,Q1,2.102
TI1,TOMBADOR IRON LIMITED,2024-01-31,2024,FY24,Q4,8.617
TI1,TOMBADOR IRON LIMITED,2024-04-30,2024,FY24,Q1,10.431
TI1,TOMBADOR IRON LIMITED,2024-07-31,2024,FY24,Q2,10.843
TI1,TOMBADOR IRON LIMITED,2024-10-31,2024,FY24,Q3,10.8
TKL,TRAKA RESOURCES LIMITED,2024-10-31,2024,FY24,Q1,0.66
TMX,TERRAIN MINERALS LIMITED,2024-01-29,2024,FY24,Q2,0.937
TMX,TERRAIN MINERALS LIMITED,2024-04-26,2024,FY24,Q3,0.761
TMX,TERRAIN MINERALS LIMITED,2024-07-29,2024,FY24,Q4,0.449
TMX,TERRAIN MINERALS LIMITED,2024-10-30,2024,FY24,Q1,1.094
TMZ,THOMSON RESOURCES LIMITED,2024-10-23,2024,FY24,Q1,22.0
TOR,TORQUE METALS LIMITED..,2024-01-29,2024,FY24,Q2,2.829
TOR,TORQUE METALS LIMITED..,2024-04-24,2024,FY24,Q3,3.948
TOR,TORQUE METALS LIMITED..,2024-07-30,2024,FY24,Q4,2.261
TOR,TORQUE METALS LIMITED..,2024-10-25,2024,FY24,Q1,2.627
TSO,TESORO GOLD LTD,2024-01-23,2024,FY24,Q2,1.197
TSO,TESORO GOLD LTD,2024-04-26,2024,FY24,Q3,2.073
TSO,TESORO GOLD LTD,2024-07-29,2024,FY24,Q4,0.312
TSO,TESORO GOLD LTD,2024-10-23,2024,FY24,Q1,5.655
USL,UNICO SILVER LIMITED,2024-01-29,2024,FY24,Q2,6.172
USL,UNICO SILVER LIMITED,2024-04-26,2024,FY24,Q3,5.649
USL,UNICO SILVER LIMITED,2024-07-29,2024,FY24,Q4,5.052
USL,UNICO SILVER LIMITED,2024-10-25,2024,FY24,Q1,11.536
VUL,VULCAN ENERGY RESOURCES LIMITED,2024-01-30,2024,FY24,Q4,78.624
VUL,VULCAN ENERGY RESOURCES LIMITED,2024-04-26,2024,FY24,Q1,47.771
VUL,VULCAN ENERGY RESOURCES LIMITED,2024-07-29,2024,FY24,Q2,60.577
WAF,WEST AFRICAN RESOURCES LIMITED,2024-01-25,2024,FY24,Q4,135.08
WAF,WEST AFRICAN RESOURCES LIMITED,2024-04-24,2024,FY24,Q1,341.79
WAF,WEST AFRICAN RESOURCES LIMITED,2024-07-24,2024,FY24,Q2,425.141
WAF,WEST AFRICAN RESOURCES LIMITED,2024-10-23,2024,FY24,Q3,430.209
WAK,WA KAOLIN LIMITED,2024-02-01,2024,FY24,Q2,3.91
WC1,WEST COBAR METALS LIMITED,2024-01-31,2024,FY24,Q2,1.877
WC1,WEST COBAR METALS LIMITED,2024-04-26,2024,FY24,Q3,1.09
WCN,WHITE CLIFF MINERALS LIMITED,2024-01-30,2024,FY24,Q2,0.723
WCN,WHITE CLIFF MINERALS LIMITED,2024-04-30,2024,FY24,Q3,4.479
WCN,WHITE CLIFF MINERALS LIMITED,2024-07-31,2024,FY24,Q4,2.959
WCN,WHITE CLIFF MINERALS LIMITED,2024-10-30,2024,FY24,Q1,1.298
WKT,WALKABOUT RESOURCES LTD,2024-05-13,2024,FY24,Q3,4.123
WTM,WARATAH MINERALS LIMITED,2024-01-29,2024,FY24,Q4,1.288
WTM,WARATAH MINERALS LIMITED,2024-04-30,2024,FY24,Q1,0.459
WTM,WARATAH MINERALS LIMITED,2024-07-26,2024,FY24,Q2,2.631
WTM,WARATAH MINERALS LIMITED,2024-10-29,2024,FY24,Q3,4.007
ZMI,ZINC OF IRELAND NL,2024-01-31,2024,FY24,Q2,0.817
ZMI,ZINC OF IRELAND NL,2024-04-29,2024,FY24,Q3,0.546
